{"Africa": ["Luanda", "Ouagadougou", "Bujumbura", "Porto-Novo", "Gaborone", "Kinshasa", "Brazzaville", "Yamoussoukro", "Yaound\u00c3\u00a9", "Praia", "Djibouti City", "Cairo", "Asmara", "Addis Ababa", "Libreville", "Accra", "Banjul", "Conakry", "Bissau", "Nairobi", "Monrovia", "Maseru", "Tripoli", "Antananarivo", "Bamako", "Nouakchott", "Port Louis", "Lilongwe", "Maputo", "Windhoek", "Niamey", "Abuja", "Kigali", "Victoria", "Khartoum", "Freetown", "Dakar", "Mogadishu", "S\u00c3\u00a3o Tom\u00c3\u00a9", "Lom\u00c3\u00a9", "Tunis", "Dodoma", "Kampala", "Lusaka", "Harare", "Algiers", "Bangui", "N'Djamena", "Moroni", "Malabo", "Rabat", "Pretoria", "Mbabane"], "Oceania": ["Canberra", "Suva", "Tarawa", "Majuro", "Yaren", "Wellington", "Port Moresby", "Ngerulmud", "Honiara", "Nuku\u00ca\u00bbalofa", "Funafuti", "Port Vila", "Palikir", "Apia"], "North America": ["St. John's", "Bridgetown", "Nassau", "Belmopan", "Ottawa", "San Jos\u00c3\u00a9", "Havana", "Roseau", "Santo Domingo", "Guatemala City", "Port-au-Prince", "Tegucigalpa", "Kingston", "Mexico City", "Managua", "Panama City", "Port of Spain", "Washington, D.C.", "San Salvador", "St. George's", "Basseterre", "Castries", "Kingstown"], "Europe": ["Andorra la Vella", "Tirana", "Vienna", "Brussels", "Sofia", "Minsk", "Prague", "Berlin", "Copenhagen", "Tallinn", "Helsinki", "Paris", "Athens", "Budapest", "Dublin", "Reykjav\u00c3\u00adk", "Rome", "Vaduz", "Vilnius", "Luxembourg City", "Riga", "Skopje", "Valletta", "Amsterdam", "Oslo", "Warsaw", "Lisbon", "Bucharest", "Moscow", "Stockholm", "Ljubljana", "Bratislava", "San Marino", "Kiev", "Vatican City", "Sarajevo", "Zagreb", "Chi\u00c5\u009fin\u00c4\u0083u", "Monaco", "Podgorica", "Belgrade", "Madrid", "Bern", "London"], "South America": ["Buenos Aires", "Sucre", "Bras\u00c3\u00adlia", "Santiago", "Bogot\u00c3\u00a1", "Quito", "Georgetown", "Lima", "Asunci\u00c3\u00b3n", "Paramaribo", "Montevideo", "Caracas"], "Asia": ["Kabul", "Yerevan", "Baku", "Dhaka", "Manama", "Bandar Seri Begawan", "Thimphu", "Beijing", "Nicosia", "Tbilisi", "Jakarta", "Jerusalem", "New Delhi", "Baghdad", "Tehran", "Amman", "Tokyo", "Bishkek", "Pyongyang", "Seoul", "Kuwait City", "Beirut", "Naypyidaw", "Ulaanbaatar", "Mal\u00c3\u00a9", "Kuala Lumpur", "Kathmandu", "Muscat", "Manila", "Islamabad", "Doha", "Riyadh", "Singapore", "Damascus", "Bangkok", "Dushanbe", "Ashgabat", "Ankara", "Tashkent", "Hanoi", "Sana'a", "Phnom Penh", "Dili", "Astana", "Vientiane", "Sri Jayewardenepura Kotte", "Abu Dhabi"]}